{"1": {"stat_rarity": 6.774035123372112e-05, "rarity_score": 29.0, "rarity_score_normed": 28.37968217644611, "rank": 1, "ranked_by": "rarity_score_normed"}, "2": {"stat_rarity": 0.0005419228098697689, "rarity_score": 24.5, "rarity_score_normed": 23.649735147038424, "rank": 2, "ranked_by": "rarity_score_normed"}, "3": {"stat_rarity": 0.0005419228098697689, "rarity_score": 24.5, "rarity_score_normed": 23.649735147038424, "rank": 3, "ranked_by": "rarity_score_normed"}, "ranks": {"1": 1, "2": 2, "3": 3}}